{"id":{"count":15.0,"mean":8.0,"std":4.472135955,"min":1.0,"25%":4.5,"50%":8.0,"75%":11.5,"max":15.0},"rank":{"count":15.0,"mean":8.0,"std":4.472135955,"min":1.0,"25%":4.5,"50%":8.0,"75%":11.5,"max":15.0},"weeks_on_list":{"count":15.0,"mean":20.0,"std":27.7771745966,"min":1.0,"25%":1.0,"50%":3.0,"75%":32.0,"max":84.0},"page_count":{"count":15.0,"mean":100.5333333333,"std":184.9941569219,"min":0.0,"25%":0.0,"50%":0.0,"75%":88.5,"max":497.0}}